Name,Image,Category,Location,About,Email,Phone,Website,Instagram,Facebook

Natasha I Gillett Photography,"https://london.bridestory.com/images/c_fill,dpr_1.0,f_auto,fl_progressive,h_160,pg_1,q_80,w_160/v1/assets/profile_fearless_bxf2cy/natasha-i-gillett-photography.jpg",Photography,"Bangkok, TH","I pride myself in creating striking imagery that embraces color and captures your personality and moments as they unfold. My high quality editorial approach to photojournalism reveals a balance of modern yet timeless photography that speaks to the next generation. I am half British half Thai, and reside in Bangkok with my family. I'm available world-wide. Please get in touch with your wedding date and location for more information.",info@natashaigillett.com,+66642475277,www.natashaigillett.com,https://www.instagram.com/natashaigillett,https://facebook.com/natashaigillett
Gina Smith Photography,"https://london.bridestory.com/images/c_fill,dpr_1.0,f_auto,fl_progressive,h_160,pg_1,q_80,w_160/v1/assets/13876687_10154367004076197_2867260202215784947_n_rup861/gina-smith-photography.jpg",Photography,"Phuket, TH","I am a freelance photographer based in Phuket who specializes in creative wedding, bridal, family portraits and couple photography.",info@ginasmithphotography.com,+66945935374,ginasmithphotography.com,https://www.instagram.com/ginasmithphotographyphuket,https://www.facebook.com/ginasmithphotographyphuket
Darla Mina Photography Studio,"https://london.bridestory.com/images/c_fill,dpr_1.0,f_auto,fl_progressive,h_160,pg_1,q_80,w_160/v1/assets/6_sgbaln/darla-mina-photography-studio.jpg",Photography,"Bangkok, TH",,voguefilmsena@gmail.com,+66982678048,,,
Pream- photography,"https://london.bridestory.com/images/c_fill,dpr_1.0,f_auto,fl_progressive,h_160,pg_1,q_80,w_160/v1/assets/561741_3688221245124_2083834030_n_kfazvy/pream-photography.jpg",Photography,"Bangkok, TH",Photography service for both thai and international photographer that would like to keep the memories during the holiday. Full day of   wedding shoot can be discuss.,prempcc@hotmail.com,+66859007015,https://www.flickr.com/photos/skypream/,,
Catherine Mead Photography,"https://london.bridestory.com/images/c_fill,dpr_1.0,f_auto,fl_progressive,h_160,pg_1,q_80,w_160/v1/assets/Catherine-Mead-High-Res_pbgs2n/catherine-mead-photography.jpg",Photography,"Phuket, TH","Destination Wedding Photographer Catherine Mead regularly photographs throughout the globe, particularly in locations including Phuket, Bali, California, Italy, Morocco, France, New York, Greece and more! Her work has been published by Martha Stewart Weddings, Style Me Pretty, Harper's Bazaar, Vogue Wedding Japan, Brides Magazine and many more. She photographs weddings of all sizes from beautiful elopements to Hollywood celebrity weddings and everything in between - contact her to find out more!",catherine@catherinemead.com,+447971491810,catherinemead.com,https://www.instagram.com/catherinemead,https://www.facebook.com/catherinemeadphotography/
Hipster Wedding,"https://london.bridestory.com/images/c_fill,dpr_1.0,f_auto,fl_progressive,h_160,pg_1,q_80,w_160/v1/assets/d-a-logo-rkVPdxavH/hipster-wedding.png",Photography,"Phuket, TH","Home is in South East Asia, a young and creative couple works primarily in Viet Nam, Thailand and Bali, but are ready to travel anywhere in the world to capture your wedding. We believe that each couple and wedding are unique by its own story. We make a plan to spend our time to know them, tailor our service, the plan of the wedding day, love story, their favorite unhealthy food or the weirdest hobby of them. Emotional, creative, detailed and enduring artistic pictures that will never get old a",info@hipsterwedding.asia,+84964608116,www.hipsterwedding.asia/,https://www.instagram.com/hipsterwedding.asia,https://www.facebook.com/vietnamdestinationweddingphotographer/
Aidan Dockery,"https://london.bridestory.com/images/c_fill,dpr_1.0,f_auto,fl_progressive,h_160,pg_1,q_80,w_160/v1/assets/portrait-250x250_enudc4/aidan-dockery.jpg",Photography,"Bangkok, TH",,aidandockery@gmail.com,+66 997805266,http://aidandockery.com/,https://www.instagram.com/abdphoto,https://www.facebook.com/abdphoto
Dimas Frolov,,Photography,"Surat (Surat Thani), TH","I�m Dimas Frolov, professional portrait photographer from Samui, one of the most beautiful islands of Thailand. I put my artistic passion in each shot I make and I will eagerly share my love for photography with you. I find inspiration in exotic landscapes and unmatched air of happiness under warm tropical sun. It�s here, in this paradise, where marvelous photos are born. I will be glad to help you preserve your most important moments here, in Thailand via professional photo-shoot! Koh Samui or ",dimas.frolov@gmail.com,+66618965648,http://dimasfrolov.com,https://www.instagram.com/dimasfrolov,https://www.facebook.com/dimasfrolovphoto/
NARAKORN PHOTOGRAPHY,"https://london.bridestory.com/images/c_fill,dpr_1.0,f_auto,fl_progressive,h_160,pg_1,q_80,w_160/v1/assets/file_yvybgr/narakorn-photography.png",Photography,"Bangkok, TH","Photography & Cinematography service for PreWedding/ Engagement, Wedding day, Destination Wedding",narakorn@narakornplus.com,+66 896959559,www.narakornphotography.com,https://www.instagram.com/narakornphotography,https://www.facebook.com/NARAKORNPHOTOGRAPHY
Narz Studio,"https://london.bridestory.com/images/c_fill,dpr_1.0,f_auto,fl_progressive,h_160,pg_1,q_80,w_160/v1/assets/narz-photography-1536421935-SJKElubu7/narz-studio.png",Photography,"Surat (Surat Thani), TH","Been a destination wedding videographer and photographer since2008, I love travelling to your wedding and capture the real moments of the event with an easy-going style. My photography style comes from Motions (cinematography) to Still (photography) and a combination between photojournalism and reportage photography.",narzphotography@gmail.com,+66 992494424,www.narzstudio.com,https://www.instagram.com/narzstudio,http://www.facebook.com/narzstudio
Catherine Mead Photography,"https://london.bridestory.com/images/c_fill,dpr_1.0,f_auto,fl_progressive,h_160,pg_1,q_80,w_160/v1/assets/Catherine-Mead-High-Res_pbgs2n/catherine-mead-photography.jpg",Photography,"Phuket, TH","Destination Wedding Photographer Catherine Mead regularly photographs throughout the globe, particularly in locations including Phuket, Bali, California, Italy, Morocco, France, New York, Greece and more! Her work has been published by Martha Stewart Weddings, Style Me Pretty, Harper's Bazaar, Vogue Wedding Japan, Brides Magazine and many more. She photographs weddings of all sizes from beautiful elopements to Hollywood celebrity weddings and everything in between - contact her to find out more!",catherine@catherinemead.com,+447971491810,catherinemead.com,https://www.instagram.com/catherinemead,https://www.facebook.com/catherinemeadphotography/
Dimas Frolov,"https://london.bridestory.com/images/c_fill,dpr_1.0,f_auto,fl_progressive,h_160,pg_1,q_80,w_160/v1/assets/DMS_1778_1200_qm9mv2/dimas-frolov.jpg",Photography,"Surat (Surat Thani), TH","I�m Dimas Frolov, professional portrait photographer from Samui, one of the most beautiful islands of Thailand. I put my artistic passion in each shot I make and I will eagerly share my love for photography with you. I find inspiration in exotic landscapes and unmatched air of happiness under warm tropical sun. It�s here, in this paradise, where marvelous photos are born. I will be glad to help you preserve your most important moments here, in Thailand via professional photo-shoot! Koh Samui or ",dimas.frolov@gmail.com,+66618965648,http://dimasfrolov.com,https://www.instagram.com/dimasfrolov,https://www.facebook.com/dimasfrolovphoto/
Lovedezign Photography,"https://london.bridestory.com/images/c_fill,dpr_1.0,f_auto,fl_progressive,h_160,pg_1,q_80,w_160/v1/assets/lovedezign_chiangmai_250pixel_teextb/lovedezign-photography.jpg",Photography,"Bangkok, TH","Wedding photojournalist, emotion and story-telling that will remind you all the memories alive.",lovedezign@hotmail.com,+66818033655,http://www.lovedezign.com,,https://www.facebook.com/lovedezign?fref=ts
Wainwright Weddings,"https://london.bridestory.com/images/c_fill,dpr_1.0,f_auto,fl_progressive,h_160,pg_1,q_80,w_160/v1/assets/julian_abram_wainwright_portrait-503square_bmshvt/wainwright-weddings.jpg",Photography,"Bangkok, TH","I'm a World Press Photo winning photographer, specializing in documenting destination weddings from Thailand to Vietnam and all over Southeast Asia. My weddings regularly take me to Danang, Hoi An and Phu Quoc in Vietnam, Phuket, Koh Samui and Chiang Mai in Thailand, and Boracay, Philippines. https://www.julianwainwrightweddings.com/",julianwainwright@gmail.com,+639158629763,http://www.julianwainwrightweddings.com/blog,https://www.instagram.com/jawphoto,https://www.facebook.com/WainwrightPhotographics
Anne Sophie MAESTRACCI Wedding Photography,"https://london.bridestory.com/images/c_fill,dpr_1.0,f_auto,fl_progressive,h_160,pg_1,q_80,w_160/v1/assets/Wedding_Photographer_koh_Samui_Thailand_5_b5stf9/anne-sophie-maestracci-wedding-photography.jpg",Photography,"Surat (Surat Thani), TH","French by birth, Koh Samui resident photographer by choice since 2008, Anne-Sophie easily distinguishes herself with a discerning eye for technical detail and an artist�s flair for accentuating the beauty of those in love. Her style is uniquely empathetic with her clients and their environs. This, coupled with an intimate knowledge of this island and available wedding venues, allows her to deftly weave through the best shots suited to you and your party on the day, in any weather or light.",contact@samuipics.com,+66801029791,http://www.annesophiemaestracci.com,,https://www.facebook.com/weddingphotographerkohsamui
Hipster Wedding,"https://london.bridestory.com/images/c_fill,dpr_1.0,f_auto,fl_progressive,h_160,pg_1,q_80,w_160/v1/assets/d-a-logo-rkVPdxavH/hipster-wedding.png",Photography,"Phuket, TH","Home is in South East Asia, a young and creative couple works primarily in Viet Nam, Thailand and Bali, but are ready to travel anywhere in the world to capture your wedding. We believe that each couple and wedding are unique by its own story. We make a plan to spend our time to know them, tailor our service, the plan of the wedding day, love story, their favorite unhealthy food or the weirdest hobby of them. Emotional, creative, detailed and enduring artistic pictures that will never get old a",info@hipsterwedding.asia,+84964608116,www.hipsterwedding.asia/,https://www.instagram.com/hipsterwedding.asia,https://www.facebook.com/vietnamdestinationweddingphotographer/
adrianotrapani.com,"https://london.bridestory.com/images/c_fill,dpr_1.0,f_auto,fl_progressive,h_160,pg_1,q_80,w_160/v1/assets/39846754_1613356778776310_2856475022199881728_n-SJ3OLMZ_X/adrianotrapani-com.jpg",Photography,"Phuket, TH","My name is Adriano and I�m an Italian expat who has been living and working in Phuket as photographer for over a decade. To many I�m also known as Phuket Paparazzi, this nickname derives from my past one as underwater photographer (underwater paparazzi). Anyway, be it above or below the surface, wet or dry, in my experience on this island, there�s a good chance I have shot it.",info@adrianotrapani.com,+66848449215,adrianotrapani.com/portfolio/personal-photographer/wedding-photography/,https://www.instagram.com/phuketpaparazzi,https://www.facebook.com/phuketphotographer.adrianotrapani/
Anne Sophie MAESTRACCI Wedding Photography,"https://london.bridestory.com/images/c_fill,dpr_1.0,f_auto,fl_progressive,h_160,pg_1,q_80,w_160/v1/assets/Wedding_Photographer_koh_Samui_Thailand_5_b5stf9/anne-sophie-maestracci-wedding-photography.jpg",Photography,"Surat (Surat Thani), TH","French by birth, Koh Samui resident photographer by choice since 2008, Anne-Sophie easily distinguishes herself with a discerning eye for technical detail and an artist�s flair for accentuating the beauty of those in love. Her style is uniquely empathetic with her clients and their environs. This, coupled with an intimate knowledge of this island and available wedding venues, allows her to deftly weave through the best shots suited to you and your party on the day, in any weather or light.",contact@samuipics.com,+66801029791,http://www.annesophiemaestracci.com,,https://www.facebook.com/weddingphotographerkohsamui
NARAKORN PHOTOGRAPHY,"https://london.bridestory.com/images/c_fill,dpr_1.0,f_auto,fl_progressive,h_160,pg_1,q_80,w_160/v1/assets/file_yvybgr/narakorn-photography.png",Photography,"Bangkok, TH","Photography & Cinematography service for PreWedding/ Engagement, Wedding day, Destination Wedding",narakorn@narakornplus.com,+66 896959559,www.narakornphotography.com,https://www.instagram.com/narakornphotography,https://www.facebook.com/NARAKORNPHOTOGRAPHY
Top photography,"https://london.bridestory.com/images/c_fill,dpr_1.0,f_auto,fl_progressive,h_160,pg_1,q_80,w_160/v1/assets/dlya-insta-BkWEX1jXL/top-photography-1.jpg",Photography,"Surat (Surat Thani), TH",Wedding photography on Ko Samui,myweddingsamui@gmail.com,+66 925692610,http://www.dadushco.com/,https://www.instagram.com/thailand_wed,
Koro Studio,"https://london.bridestory.com/images/c_fill,dpr_1.0,f_auto,fl_progressive,h_160,pg_1,q_80,w_160/v1/assets/koro-250px-logo_okzu6c/koro-studio.jpg",Photography,"Bangkok, TH","Koro Studio is Professional Wedding Photographer and Films based in Thailand. But we serve all of couple around world. We had beed shoot overseas in Japan, India, Singapore and Hong Kong. But we wait you for my next overseas wedding. We have 7 Years experience in wedding shoot. And we have some passion in wedding shoot. We like to capture your moment and feeling like a documentary and journalist. See you in your wedding day.",contact@korostudio.com,+66 948294622,http://www.korostudio.com,https://www.instagram.com/korostudio,http://www.facebook.com/korostudiothailand
darinimages,"https://london.bridestory.com/images/c_fill,dpr_1.0,f_auto,fl_progressive,h_160,pg_1,q_80,w_160/v1/assets/darinimages-105_ethbkc/darinimages.jpg",Photography,"Phuket, TH","I am Darin Limsuansub, a photographer specializing in weddings and portraits based in Phuket, but available for commissions anywhere in Thailand and overseas. Shortly after graduating in Communication Arts from Chulalongkorn University and working in publishing, I moved to Australia for seven years where I married the underwater photograp",darinimages@gmail.com,+66878822729,http://www.darinimages.com,https://www.instagram.com/darinimages,http://www.facebook.com/darinimages
Wainwright Weddings,"https://london.bridestory.com/images/c_fill,dpr_1.0,f_auto,fl_progressive,h_160,pg_1,q_80,w_160/v1/assets/julian_abram_wainwright_portrait-503square_bmshvt/wainwright-weddings.jpg",Photography,"Bangkok, TH","I'm a World Press Photo winning photographer, specializing in documenting destination weddings from Thailand to Vietnam and all over Southeast Asia. My weddings regularly take me to Danang, Hoi An and Phu Quoc in Vietnam, Phuket, Koh Samui and Chiang Mai in Thailand, and Boracay, Philippines. https://www.julianwainwrightweddings.com/",julianwainwright@gmail.com,+639158629763,http://www.julianwainwrightweddings.com/blog,https://www.instagram.com/jawphoto,https://www.facebook.com/WainwrightPhotographics
Koro Studio,"https://london.bridestory.com/images/c_fill,dpr_1.0,f_auto,fl_progressive,h_160,pg_1,q_80,w_160/v1/assets/koro-250px-logo_okzu6c/koro-studio.jpg",Photography,"Bangkok, TH","Koro Studio is Professional Wedding Photographer and Films based in Thailand. But we serve all of couple around world. We had beed shoot overseas in Japan, India, Singapore and Hong Kong. But we wait you for my next overseas wedding. We have 7 Years experience in wedding shoot. And we have some passion in wedding shoot. We like to capture your moment and feeling like a documentary and journalist. See you in your wedding day.",contact@korostudio.com,+66 948294622,http://www.korostudio.com,https://www.instagram.com/korostudio,http://www.facebook.com/korostudiothailand
Lovedezign Photography,"https://london.bridestory.com/images/c_fill,dpr_1.0,f_auto,fl_progressive,h_160,pg_1,q_80,w_160/v1/assets/lovedezign_chiangmai_250pixel_teextb/lovedezign-photography.jpg",Photography,"Bangkok, TH","Wedding photojournalist, emotion and story-telling that will remind you all the memories alive.",lovedezign@hotmail.com,+66818033655,http://www.lovedezign.com,,https://www.facebook.com/lovedezign?fref=ts
Narz Studio,"https://london.bridestory.com/images/c_fill,dpr_1.0,f_auto,fl_progressive,h_160,pg_1,q_80,w_160/v1/assets/narz-photography-1536421935-SJKElubu7/narz-studio.png",Photography,"Surat (Surat Thani), TH","Been a destination wedding videographer and photographer since2008, I love travelling to your wedding and capture the real moments of the event with an easy-going style. My photography style comes from Motions (cinematography) to Still (photography) and a combination between photojournalism and reportage photography.",narzphotography@gmail.com,+66 992494424,www.narzstudio.com,https://www.instagram.com/narzstudio,http://www.facebook.com/narzstudio
Gina Smith Photography,"https://london.bridestory.com/images/c_fill,dpr_1.0,f_auto,fl_progressive,h_160,pg_1,q_80,w_160/v1/assets/13876687_10154367004076197_2867260202215784947_n_rup861/gina-smith-photography.jpg",Photography,"Phuket, TH","I am a freelance photographer based in Phuket who specializes in creative wedding, bridal, family portraits and couple photography.",info@ginasmithphotography.com,+66945935374,ginasmithphotography.com,https://www.instagram.com/ginasmithphotographyphuket,https://www.facebook.com/ginasmithphotographyphuket

